{
    "prepare_queue": {
        "installed": [],
        "uninstalled": []
    },
    "config_munge": {
        "files": {
            "config.xml": {
                "parents": {
                    "/*": [
                        {
                            "xml": "<feature name=\"Device\"><param name=\"ios-package\" value=\"CDVDevice\" /></feature>",
                            "count": 1
                        },
                        {
                            "xml": "<feature name=\"LocalNotification\"><param name=\"ios-package\" onload=\"true\" value=\"APPLocalNotification\" /><param name=\"onload\" value=\"true\" /></feature>",
                            "count": 1
                        }
                    ]
                }
            }
        }
    },
    "installed_plugins": {
        "cordova-plugin-whitelist": {
            "PACKAGE_NAME": "net.witr.wcordova.login"
        },
        "cordova-plugin-device": {
            "PACKAGE_NAME": "net.witr.wcordova.login"
        },
        "cordova-plugin-app-event": {
            "PACKAGE_NAME": "net.witr.wcordova.login"
        },
        "de.appplant.cordova.plugin.local-notification": {
            "PACKAGE_NAME": "net.witr.wcordova.login"
        }
    },
    "dependent_plugins": {},
    "modules": [
        {
            "id": "cordova-plugin-device.device",
            "file": "plugins/cordova-plugin-device/www/device.js",
            "pluginId": "cordova-plugin-device",
            "clobbers": [
                "device"
            ]
        },
        {
            "id": "de.appplant.cordova.plugin.local-notification.LocalNotification",
            "file": "plugins/de.appplant.cordova.plugin.local-notification/www/local-notification.js",
            "pluginId": "de.appplant.cordova.plugin.local-notification",
            "clobbers": [
                "cordova.plugins.notification.local",
                "plugin.notification.local"
            ]
        },
        {
            "id": "de.appplant.cordova.plugin.local-notification.LocalNotification.Core",
            "file": "plugins/de.appplant.cordova.plugin.local-notification/www/local-notification-core.js",
            "pluginId": "de.appplant.cordova.plugin.local-notification",
            "clobbers": [
                "cordova.plugins.notification.local.core",
                "plugin.notification.local.core"
            ]
        },
        {
            "id": "de.appplant.cordova.plugin.local-notification.LocalNotification.Util",
            "file": "plugins/de.appplant.cordova.plugin.local-notification/www/local-notification-util.js",
            "pluginId": "de.appplant.cordova.plugin.local-notification",
            "merges": [
                "cordova.plugins.notification.local.core",
                "plugin.notification.local.core"
            ]
        }
    ],
    "plugin_metadata": {
        "cordova-plugin-whitelist": "1.3.2",
        "cordova-plugin-device": "1.1.6",
        "cordova-plugin-app-event": "1.2.0",
        "de.appplant.cordova.plugin.local-notification": "0.8.4"
    }
}